COD_UF,COD_MUNICIPIO,COD_DISTRITO,COD_SUBDISTRITO,SITUACAO,NOM_TIPO_SEGLOGR,NOM_TITULO_SEGLOGR,NOM_SEGLOGR,NUM_ENDERECO,DSC_MODIFICADOR,NOM_COMP_ELEM1,VAL_COMP_ELEM1,NOM_COMP_ELEM2,VAL_COMP_ELEM2,NOM_COMP_ELEM3,VAL_COMP_ELEM3,NOM_COMP_ELEM4,VAL_COMP_ELEM4,NOM_COMP_ELEM5,VAL_COMP_ELEM5,LATITUDE,LONGITUDE,ALTITUDE,DSC_LOCALIDADE,COD_ESPECIE,CEP
31,9006,15,0,2,ESTRADA,,DO MATO DENTRO,,SN,,,,,,,,,,,-20.16828663888889,-44.24302163888889,806.0,CONCEICAO DE ITAGUA,3,35460000
31,9006,15,0,2,ESTRADA,,DO MATO DENTRO,,SN,,,,,,,,,,,-20.15940663888889,-44.24307833333334,763.0,CONCEICAO DE ITAGUA,3,35460000
31,9006,15,0,2,ESTRADA,,DO MATO DENTRO,4.0,,,,,,,,,,,,-20.16183,-44.24574663888889,764.0,CONCEICAO DE ITAGUA,3,35460000
31,9006,15,0,2,ESTRADA,,DO MATO DENTRO,,SN,,,,,,,,,,,-20.181365,-44.245428305555556,843.0,QUINTAS DO RIO MANSO,3,35460000
31,9006,15,0,2,ESTRADA,,DO MATO DENTRO,,SN,,,,,,,,,,,-20.173715,-44.23818330555556,811.0,CONCEICAO DE ITAGUA,3,35460000
31,9006,15,0,2,ESTRADA,,DO MATO DENTRO,,SN,,,,,,,,,,,-20.17685663888889,-44.235153333333336,835.0,CONCEICAO DE ITAGUA,3,35460000
31,9006,15,0,2,ESTRADA,,DO MATO DENTRO,,SN,,,,,,,,,,,-20.160163333333333,-44.237363333333334,761.0,CONCEICAO DE ITAGUA,3,35460000
31,9006,15,0,2,ALAMEDA,,DO BOSQUE,,SN,,,,,,,,,,,-20.174345000000002,-44.24944497222222,809.0,CONCEICAO DE ITAGUA,3,35460000
31,9006,15,0,2,RUA,,JOSE NUNES DE CARVALHO,,SN,,,,,,,,,,,-20.157071666666667,-44.25646163888889,780.0,CONCEICAO DE ITAGUA,3,35460000
31,9006,15,0,2,RUA,,QUATRO,,SN,,,,,,,,,,,-20.157196666666664,-44.24547330555556,753.0,BAIRRO RETIRO DO BRUMADO,3,35460000
31,9006,20,0,2,ESTRADA,,PARA FAZENDA MAE DAGUA,,SN,,,,,,,,,,,-20.18638663888889,-44.002335,,CORREGO FERREIRA,3,35460000
31,9006,20,0,2,ESTRADA,,PIEDADE A MARQUES,,SN,,,,,,,,,,,-20.169923305555557,-44.033681638888886,,PIEDADE DO PARAOPEBA,3,35460000
31,9006,20,0,2,ESTRADA,,PIEDADE A MARQUES,,SN,,,,,,,,,,,-20.170818333333333,-44.03754830555555,,PIEDADE DO PARAOPEBA,3,35460000
31,9006,20,0,2,ESTRADA,,PIEDADE A MARQUES,,SN,,,,,,,,,,,-20.174434972222222,-44.035156666666666,861.0,PIEDADE DO PARAOPEBA,3,35460000
31,9006,20,0,2,ESTRADA,,QUINTILIANO,,SN,,,,,,,,,,,-20.184813333333334,-44.028105,810.0,QUINTILIANO,3,35460000
31,9006,5,0,2,ESTRADA,,PONTE DAS ALMORREMAS,,SN,CASA,,,,,,,,,,-20.162995,-44.18528499999999,829.0,BRUMADINHO,3,35460000
31,9006,5,0,2,ESTRADA,,DO PIRES,,SN,,,,,,,,,,,-20.152531666666665,-44.177618305555555,731.0,BRUMADINHO,3,35460000
31,9006,15,0,2,RUA,,ITAGUA,,SN,,,,,,,,,,,-20.14939,-44.22246663888889,767.0,BRUMADINHO,3,35460000
31,9006,20,0,1,ESTRADA,,DE TERRA,,SN,,,,,,,,,,,-20.248741666666668,-43.99275497222222,,SUZANA,3,35460000
31,9006,20,0,1,ESTRADA,,DE TERRA,,SN,,,,,,,,,,,-20.236408305555557,-43.9971,908.0,SUZANA,3,35460000
31,9006,20,0,1,ESTRADA,,SEM NOME DE TERRA,,SN,,,,,,,,,,,-20.19732,-44.01560333333333,,PIEDADE PARAOPEBA,3,35460000
31,9006,20,0,1,ESTRADA,,SEM NOME DE TERRA,,SN,,,,,,,,,,,-20.217903333333332,-43.99639833333333,,CARNEIROS,3,35460000
31,9006,20,0,1,ESTRADA,,PRA CARNEIROS,,SN,,,,,,,,,,,-20.209696666666666,-44.002409972222225,,CARNEIROS,3,35460000
31,9006,20,0,1,ESTRADA,,PRA CARNEIROS,,SN,,,,,,,,,,,-20.226216666666666,-44.00030663888889,,CARNEIROS,3,35460000
31,9006,5,0,2,RUA,,B,165.0,,,,,,,,,,,,-20.169318305555556,-44.21483663888889,747.0,AGUAS CLARAS,3,35460000
31,9006,25,0,1,RUA,DONA,RITA FONSECA DE MOURA,,SN,,,,,,,,,,,-20.22141,-44.100924972222224,793.0,CORONEL EURICO,3,35460000
31,9006,5,0,2,RUA,,DOIS,71.0,,,,,,,,,,,,-20.22706497222222,-44.12204497222222,804.0,TOCA DE CIMA,3,35460000
31,9006,5,0,2,COMUNIDADE,,EIXO QUEBRADO,,SN,,,,,,,,,,,-20.222411638888886,-44.19108330555555,835.0,EIXO QUEBRADO,3,35460000
31,9006,5,0,2,COMUNIDADE,,EIXO QUEBRADO,,SN,,,,,,,,,,,-20.228663305555553,-44.197631638888886,857.0,EIXO QUEBRADO,3,35460000
31,9006,5,0,2,CONDOMINIO,,DO DANTE,,SN,,,,,,,,,,,-20.18074,-44.155098333333335,778.0,PONTE DAS ALMORREIMAS,3,35460000
31,9006,5,0,2,ESTRADA,,BONFIM,200.0,,,,,,,,,,,,-20.182145000000002,-44.18053497222222,808.0,GUARIBAS,3,35460000
31,9006,5,0,2,ESTRADA,,BONFIM,,SN,,,,,,,,,,,-20.23248497222222,-44.200795,905.0,EIXO QUEBRADO,3,35460000
31,9006,5,0,2,ESTRADA,,CAJU A ALMORREIMAS,,SN,,,,,,,,,,,-20.186683333333335,-44.17896497222222,794.0,PONTE DAS ALMORREIMAS,3,35460000
31,9006,5,0,2,ESTRADA,,CAJU A ALMORREIMAS,,SN,,,,,,,,,,,-20.206559972222223,-44.167775,793.0,CAJU,3,35460000
31,9006,5,0,2,ESTRADA,,CAJU A ALMORREIMAS,,SN,,,,,,,,,,,-20.186801666666668,-44.17928330555555,789.0,PONTE DAS ALMORREIMAS,3,35460000
31,9006,5,0,2,ESTRADA,,CAJU A ALMORREIMAS,,SN,,,,,,,,,,,-20.199056666666667,-44.17630997222222,851.0,CAJU,3,35460000
31,9006,5,0,2,ESTRADA,,EIXO QUEBRADO,,SN,,,,,,,,,,,-20.221823305555553,-44.19375333333333,824.0,EIXO QUEBRADO,3,35460000
31,9006,5,0,2,ESTRADA,,EIXO QUEBRADO,,SN,,,,,,,,,,,-20.227465,-44.180146638888885,969.0,EIXO QUEBRADO,3,35460000
31,9006,5,0,2,ESTRADA,,PONTE DAS ALMORREIMAS,,SN,,,,,,,,,,,-20.184973305555555,-44.17301830555555,758.0,PONTE DAS ALMORREIMAS,3,35460000
31,9006,5,0,2,ESTRADA,,PONTE DAS ALMORREIMAS,,SN,,,,,,,,,,,-20.17922663888889,-44.170716638888884,765.0,PONTE DAS ALMORREIMAS,3,35460000
31,9006,5,0,2,ESTRADA,,PONTE DAS ALMORREIMAS,,SN,,,,,,,,,,,-20.198598305555556,-44.16909666666666,843.0,PONTE DAS ALMORREIMAS,3,35460000
31,9006,5,0,2,ESTRADA,,PONTE DAS ALMORREIMAS,,SN,,,,,,,,,,,-20.16661497222222,-44.16923330555555,789.0,PONTE DAS ALMORREIMAS,3,35460000
31,9006,5,0,2,ESTRADA,,PONTE DAS ALMORREIMAS,,SN,,,,,,,,,,,-20.200293305555554,-44.15312163888889,752.0,PONTE DAS ALMORREIMAS,3,35460000
31,9006,5,0,2,ESTRADA,,PONTE DAS ALMORREIMAS,,SN,,,,,,,,,,,-20.185808305555557,-44.17104330555555,775.0,PONTE DAS ALMORREIMAS,3,35460000
31,9006,5,0,2,ESTRADA,,PONTE DAS ALMORREIMAS,3.0,,,,,,,,,,,,-20.180388305555557,-44.162571638888885,739.0,PONTE DAS ALMORREIMAS,3,35460000
31,9006,5,0,2,ESTRADA,,PONTE DAS ALMORREIMAS,,SN,,,,,,,,,,,-20.164221666666666,-44.17345497222222,784.0,PONTE DAS ALMORREIMAS,3,35460000
31,9006,5,0,2,ESTRADA,,PONTE DAS ALMORREIMAS,,SN,,,,,,,,,,,-20.172608305555556,-44.177575,795.0,PONTE DAS ALMORREIMAS,3,35460000
31,9006,5,0,2,ESTRADA,,PONTE DAS ALMORREIMAS,,SN,,,,,,,,,,,-20.20711163888889,-44.16220330555556,839.0,PONTE DAS ALMORREIMAS,3,35460000
31,9006,5,0,2,ESTRADA,,DA TOCA,,SN,,,,,,,,,,,-20.22212833333333,-44.15516997222222,780.0,TOCA DE CIMA,3,35460000
31,9006,5,0,2,ESTRADA,,DA TOCA,681.0,,,,,,,,,,,,-20.203986666666665,-44.15351663888889,758.0,TOCA DE CIMA,3,35460000
31,9006,5,0,2,ESTRADA,,DA TOCA,,SN,,,,,,,,,,,-20.21796497222222,-44.143658305555554,788.0,TOCA DE CIMA,3,35460000
31,9006,5,0,2,ESTRADA,,DA TOCA,,SN,,,,,,,,,,,-20.214466666666667,-44.13544997222222,762.0,TOCA DE CIMA,3,35460000
31,9006,5,0,2,ESTRADA,,DA TOCA,,SN,,,,,,,,,,,-20.186106666666667,-44.17066,766.0,PONTE DAS ALMORREIMAS,3,35460000
31,9006,5,0,2,ESTRADA,,DA TOCA,,SN,,,,,,,,,,,-20.203089972222223,-44.137076638888885,801.0,MELO FRANCO,3,35460000
31,9006,5,0,2,ESTRADA,,DA TOCA,,SN,,,,,,,,,,,-20.194013333333334,-44.14204497222222,807.0,MELO FRANCO,3,35460000
31,9006,5,0,2,ESTRADA,,DA TOCA,,SN,,,,,,,,,,,-20.21135497222222,-44.163466638888885,851.0,PONTE DAS ALMORREIMAS,3,35460000
31,9006,5,0,2,FAZENDA,,BELA VISTA,,SN,,,,,,,,,,,-20.20958333333333,-44.18077333333333,817.0,BRUMADINHO,3,35460000
31,9006,5,0,2,FAZENDA,,LARANJAL,,SN,,,,,,,,,,,-20.224445,-44.154513305555554,767.0,TOCA DE CIMA,3,35460000
31,9006,5,0,2,FAZENDA,SAO,JOSE,,SN,,,,,,,,,,,-20.208453305555555,-44.151655,772.0,MARICOTA,3,35460000
31,9006,5,0,2,RUA,,UM,550.0,,,,,,,,,,,,-20.233571666666666,-44.127145,744.0,TOCA DE CIMA,3,35460000
31,9006,5,0,2,RUA,,UM,475.0,,,,,,,,,,,,-20.233021638888886,-44.126159972222226,746.0,TOCA DE CIMA,3,35460000
31,9006,5,0,2,RUA,,UM,581.0,,,,,,,,,,,,-20.233628333333336,-44.127305,745.0,TOCA DE CIMA,3,35460000
31,9006,5,0,2,RUA,,UM,600.0,,,,,,,,,,,,-20.232311638888888,-44.125053305555554,756.0,TOCA DE CIMA,3,35460000
31,9006,5,0,2,RUA,,UM,,SN,,,,,,,,,,,-20.178658305555558,-44.167456666666666,752.0,PONTE DAS ALMORREIMAS,3,35460000
31,9006,5,0,2,RUA,,GUARIBAS,120.0,,,,,,,,,,,,-20.177748333333334,-44.18099997222222,784.0,GUARIBAS,3,35460000
31,9006,5,0,2,ESTRADA,,SEM DENOMINACAO,,SN,,,,,,,,,,,-20.180593333333334,-44.18063330555555,792.0,BRUMADINHO,3,35460000
31,9006,5,0,2,ESTRADA,,SEM DENOMINACAO,,SN,,,,,,,,,,,-20.190171666666668,-44.16724163888889,770.0,PONTE DAS ALMORREIMAS,3,35460000
31,9006,5,0,2,ESTRADA,,SEM DENOMINACAO,,SN,,,,,,,,,,,-20.197355,-44.14695663888889,799.0,MARICOTA,3,35460000
31,9006,5,0,2,ESTRADA,,SEM DENOMINACAO,,SN,,,,,,,,,,,-20.183933333333332,-44.15036330555555,796.0,PONTE DAS ALMORREIMAS,3,35460000
31,9006,5,0,2,ESTRADA,,SEM DENOMINACAO,,SN,,,,,,,,,,,-20.173243333333335,-44.167638305555556,748.0,PONTE DAS ALMORREIMAS,3,35460000
31,9006,5,0,2,ESTRADA,,SEM DENOMINACAO,,SN,,,,,,,,,,,-20.16396333333333,-44.16566666666667,812.0,PIRES,3,35460000
31,9006,5,0,2,ESTRADA,,SEM DENOMINACAO,,SN,,,,,,,,,,,-20.173033333333336,-44.16507163888889,754.0,PONTE DAS ALMORREIMAS,3,35460000
31,9006,5,0,2,ESTRADA,,SEM DENOMINACAO,,SN,,,,,,,,,,,-20.181385000000002,-44.155631666666665,785.0,PONTE DAS ALMORREIMAS,3,35460000
31,9006,5,0,2,ESTRADA,,SEM DENOMINACAO,,SN,,,,,,,,,,,-20.20680663888889,-44.154421666666664,783.0,MARICOTA,3,35460000
31,9006,5,0,2,ESTRADA,,SEM DENOMINACAO,,SN,,,,,,,,,,,-20.2153,-44.168456638888884,815.0,BARREIRAS,3,35460000
31,9006,5,0,2,ESTRADA,,SEM DENOMINACAO,,SN,,,,,,,,,,,-20.227568305555554,-44.19213163888889,867.0,EIXO QUEBRADO,3,35460000
31,9006,5,0,2,ESTRADA,,FAZENDA DA LAJE,,SN,,,,,,,,,,,-20.19811163888889,-44.133585,774.0,MARICOTA,3,35460000
31,9006,5,0,2,ESTRADA,,CAJU A BARREIRAS,,SN,,,,,,,,,,,-20.21446333333333,-44.16634330555556,817.0,BARREIRAS,3,35460000
31,9006,5,0,2,ESTRADA,,CAJU A BARREIRAS,,SN,,,,,,,,,,,-20.21025663888889,-44.14523833333333,782.0,MARICOTA,3,35460000
31,9006,5,0,2,ESTRADA,,CAJU A BARREIRAS,,SN,,,,,,,,,,,-20.211739972222222,-44.16341497222222,851.0,BARREIRAS,3,35460000
31,9006,5,0,2,ESTRADA,,MARICOTA A PONTE PASSAGEM MELO FRANCO,,SN,,,,,,,,,,,-20.20854333333333,-44.12529830555555,744.0,MARICOTA,3,35460000
31,9006,5,0,2,RODOVIA,,50,,SN,,,,,,,,,,,-20.215283333333332,-44.192456666666665,887.0,EIXO QUEBRADO,3,35460000
31,9006,5,0,2,ESTRADA,,DE CAJU,,SN,LADO,DIREITO,,,,,,,,,-20.195393333333335,-44.183434999999996,786.0,CAJU,3,35460000
31,9006,5,0,2,ESTRADA,,DE CAJU,,SN,LADO,DIREITO,,,,,,,,,-20.19869663888889,-44.182894999999995,816.0,CAJU,3,35460000
31,9006,5,0,2,ESTRADA,,DE CAJU,,SN,,,,,,,,,,,-20.186278333333334,-44.188561666666665,799.0,CAJU,3,35460000
31,9006,5,0,2,ESTRADA,,MG 040,,SN,,,,,,,,,,,-20.216006666666665,-44.195771638888885,862.0,LAJINHA,3,35460000
31,9006,5,0,2,ESTRADA,,MG 040,,SN,,,,,,,,,,,-20.213329972222223,-44.19389497222222,901.0,LAJINHA,3,35460000
31,9006,5,0,2,ESTRADA,,MG 040,,SN,,,,,,,,,,,-20.172639972222225,-44.186748305555554,818.0,GUARIBAS,3,35460000
31,9006,5,0,2,ESTRADA,,MG 040,,SN,,,,,,,,,,,-20.170021666666667,-44.18924666666666,846.0,GUARIBAS,3,35460000
31,9006,5,0,2,ESTRADA,,MG 040,,SN,,,,,,,,,,,-20.218411666666665,-44.19820333333333,850.0,LAJINHA,3,35460000
31,9006,5,0,2,ESTRADA,,MG 040,,SN,,,,,,,,,,,-20.224868305555553,-44.19622497222222,846.0,EIXO QUEBRADO,3,35460000
31,9006,5,0,2,ESTRADA,,PARA AGUAS CLARAS,,SN,,,,,,,,,,,-20.194356638888888,-44.21770166666667,834.0,AGUAS CLARAS,3,35460000
31,9006,5,0,2,ESTRADA,,PARA AGUAS CLARAS,,SN,,,,,,,,,,,-20.214678305555555,-44.21310166666667,781.0,AGUAS CLARAS,3,35460000
31,9006,5,0,2,ESTRADA,,PARA AGUAS CLARAS,,SN,,,,,,,,,,,-20.21595163888889,-44.214201638888895,792.0,AGUAS CLARAS,3,35460000
31,9006,5,0,2,ESTRADA,,PARA AGUAS CLARAS,45.0,,,,,,,,,,,,-20.18319166666667,-44.21091663888889,823.0,AGUAS CLARAS,3,35460000
31,9006,5,0,2,ESTRADA,,PARA AGUAS CLARAS,,SN,,,,,,,,,,,-20.21182497222222,-44.210420000000006,789.0,AGUAS CLARAS,3,35460000
31,9006,5,0,2,ESTRADA,,PARA AGUAS CLARAS,990.0,,,,,,,,,,,,-20.177945,-44.21277333333334,768.0,SOARES,3,35460000
31,9006,5,0,2,ESTRADA,,PARA AGUAS CLARAS,,SN,,,,,,,,,,,-20.186254972222223,-44.213618333333336,780.0,AGUAS CLARAS,3,35460000
31,9006,5,0,2,ESTRADA,,PARA AGUAS CLARAS,,SN,,,,,,,,,,,-20.175626666666666,-44.21783330555556,736.0,AGUAS CLARAS,3,35460000
31,9006,5,0,2,ESTRADA,,PARA AGUAS CLARAS,,SN,,,,,,,,,,,-20.19503163888889,-44.21825330555556,833.0,AGUAS CLARAS,3,35460000
31,9006,5,0,2,ESTRADA,,PARA AGUAS CLARAS,,SN,,,,,,,,,,,-20.20262163888889,-44.21145330555556,771.0,AGUAS CLARAS,3,35460000
31,9006,5,0,2,ESTRADA,,PARA AGUAS CLARAS,,SN,,,,,,,,,,,-20.206254972222222,-44.20992833333334,775.0,AGUAS CLARAS,3,35460000
31,9006,5,0,2,ESTRADA,,PARA AGUAS CLARAS,,SN,,,,,,,,,,,-20.200029999999998,-44.209633333333336,776.0,AGUAS CLARAS,3,35460000
31,9006,5,0,2,ESTRADA,,PARA AGUAS CLARAS,,SN,,,,,,,,,,,-20.20674497222222,-44.20136333333333,861.0,AGUAS CLARAS,3,35460000
31,9006,5,0,2,ESTRADA,,PARA AGUAS CLARAS,,SN,,,,,,,,,,,-20.194326666666665,-44.217733333333335,827.0,AGUAS CLARAS,3,35460000
31,9006,5,0,2,ESTRADA,,PARA AGUAS CLARAS,,SN,,,,,,,,,,,-20.175943305555556,-44.216840000000005,739.0,SOARES,3,35460000
31,9006,5,0,2,ESTRADA,,PARA AGUAS CLARAS,,SN,,,,,,,,,,,-20.174329972222225,-44.216300000000004,737.0,SOARES,3,35460000
31,9006,5,0,2,ESTRADA,,PARA AGUAS CLARAS,,SN,,,,,,,,,,,-20.178854972222222,-44.21852163888889,745.0,SOARES,3,35460000
31,9006,5,0,2,ESTRADA,,PARA AGUAS CLARAS,,SN,,,,,,,,,,,-20.222025,-44.20897666666667,784.0,AGUAS CLARAS,3,35460000
31,9006,5,0,2,ESTRADA,,PARA AGUAS CLARAS,,SN,,,,,,,,,,,-20.223444999999998,-44.20756333333333,787.0,AGUAS CLARAS,3,35460000
31,9006,5,0,2,ESTRADA,,PARA GUARIBAS,,SN,LADO,DIREITO,,,,,,,,,-20.180163333333333,-44.19597997222222,768.0,GUARIBAS,3,35460000
31,9006,5,0,2,ESTRADA,,PARA GUARIBAS,,SN,,,,,,,,,,,-20.17921666666667,-44.19507330555555,796.0,GUARIBAS,3,35460000
31,9006,5,0,2,ESTRADA,,PARA GUARIBAS,,SN,,,,,,,,,,,-20.227625,-44.22958833333333,867.0,AGUAS CLARAS,3,35460000
31,9006,5,0,2,ESTRADA,,PARA GUARIBAS,,SN,,,,,,,,,,,-20.17338163888889,-44.20330333333334,785.0,CACHOEIRA DOS PAPUDOS,3,35460000
31,9006,5,0,2,ESTRADA,,PARA GUARIBAS,,SN,,,,,,,,,,,-20.18189166666667,-44.19280497222222,817.0,GUARIBAS,3,35460000
31,9006,5,0,2,ESTRADA,,PARA GUARIBAS,,SN,,,,,,,,,,,-20.183768333333333,-44.19154666666666,785.0,GUARIBAS,3,35460000
31,9006,5,0,2,ESTRADA,,PARA SOARES,14.0,,SITIO,,,,,,,,,,-20.163751666666666,-44.21389663888889,758.0,AGUAS CLARAS,3,35460000
31,9006,5,0,2,ESTRADA,,PARA SOARES,249.0,,,,,,,,,,,,-20.16481497222222,-44.21531663888889,742.0,SOARES,3,35460000
31,9006,5,0,2,ESTRADA,,PARA SOARES,534.0,,,,,,,,,,,,-20.17372166666667,-44.21573163888889,749.0,AGUAS CLARAS,3,35460000
31,9006,5,0,2,ESTRADA,,PARA SOARES,,SN,,,,,,,,,,,-20.1633,-44.21670666666667,736.0,SOARES,3,35460000
31,9006,5,0,2,RUA,,DOIS,99.0,,,,,,,,,,,,-20.216621666666665,-44.20821497222222,792.0,AGUAS CLARAS,3,35460000
31,9006,5,0,2,ESTRADA,,PARA MATO DENTRO,,SN,,,,,,,,,,,-20.207461638888887,-44.21441166666667,789.0,AGUAS CLARAS,3,35460000
31,9006,5,0,2,ESTRADA,,PARA MATO DENTRO,,SN,,,,,,,,,,,-20.20711,-44.21305666666667,783.0,AGUAS CLARAS,3,35460000
31,9006,5,0,2,ESTRADA,,PARA MATO DENTRO,,SN,,,,,,,,,,,-20.20572163888889,-44.21885830555556,794.0,AGUAS CLARAS,3,35460000
31,9006,5,0,2,ESTRADA,,PARA MATO DENTRO,,SN,,,,,,,,,,,-20.20826,-44.219051666666665,785.0,AGUAS CLARAS,3,35460000
31,9006,5,0,2,ESTRADA,,PARA MATO DENTRO,,SN,,,,,,,,,,,-20.217425,-44.225304972222226,842.0,AGUAS CLARAS,3,35460000
31,9006,5,0,2,ESTRADA,,PARA MATO DENTRO,,SN,,,,,,,,,,,-20.211653305555554,-44.22387163888889,805.0,AGUAS CLARAS,3,35460000
31,9006,5,0,2,RUA,,B,,SN,,,,,,,,,,,-20.17118163888889,-44.20332330555556,777.0,CACHOEIRA DOS PAPUDOS,3,35460000
31,9006,5,0,2,RUA,,B,,SN,,,,,,,,,,,-20.169778305555557,-44.206030000000005,756.0,CACHOEIRA DOS PAPUDOS,3,35460000
31,9006,5,0,2,ESTRADA,,PARA RIO MANSO,,SN,,,,,,,,,,,-20.221083305555553,-44.233556666666665,881.0,AGUAS CLARAS,3,35460000
31,9006,5,0,2,ESTRADA,,VALONGO,,SN,,,,,,,,,,,-20.19910163888889,-44.23507497222222,885.0,VALONGO MATO DENTRO,3,35460000
31,9006,5,0,2,ESTRADA,,VALONGO,,SN,,,,,,,,,,,-20.182938305555556,-44.232895,851.0,VALONGO MATO DENTRO,3,35460000
31,9006,5,0,2,ESTRADA,,VALONGO,,SN,,,,,,,,,,,-20.18131166666667,-44.23238,847.0,VALONGO MATO DENTRO,3,35460000
31,9006,5,0,2,ESTRADA,,CACHOEIRA AO CONDOMINIO AGUAS CLARAS,,SN,,,,,,,,,,,-20.179291666666668,-44.20218997222222,750.0,CACHOEIRA DOS PAPUDOS,3,35460000
31,9006,5,0,2,RUA,,F,,SN,,,,,,,,,,,-20.160571638888886,-44.201951666666666,795.0,GUARIBAS,3,35460000
31,9006,5,0,2,ESTRADA,,DE BRUMADINHO PARA CORREGO DO,,SN,,,,,,,,,,,-20.137946638888888,-44.125750000000004,819.0,CORREGO DO FEIJAO,3,35460000
31,9006,5,0,2,ESTRADA,,DE BRUMADINHO PARA CORREGO DO,,SN,CASA,,,,,,,,,,-20141,-44.14135,,ALBERTO FLORES,3,35460000
31,9006,5,0,2,ESTRADA,,DE BRUMADINHO PARA CORREGO DO,10.0,KM,,,,,,,,,,,-20.140194972222222,-44.13259663888889,,CORREGO DO FEIJAO,3,35460000
31,9006,5,0,2,ESTRADA,,DE BRUMADINHO PARA CORREGO DO,,SN,,,,,,,,,,,-20.137889972222222,-44.141731638888885,,ALBERTO FLORES,3,35460000
31,9006,5,0,2,ESTRADA,,JANGADA C FEIJAO,,SN,,,,,,,,,,,-20.09988333333333,-44.075878305555555,,CASA BRANCA,3,35460000
31,9006,5,0,2,ESTRADA,,JANGADA C FEIJAO,,SN,,,,,,,,,,,-20.12237497222222,-44.08273666666667,,CORREGO DO FEIJAO,3,35460000
31,9006,5,0,2,RUA,,JANGADA,,SN,,,,,,,,,,,-20.11937163888889,-44.09841330555556,,JANGADA,3,35460000
31,9006,5,0,2,ESTRADA,,VALE A MIB,,SN,,,,,,,,,,,-20.126525,-44.115210000000005,,CORREGO DO FEIJAO,3,35460000
31,9006,5,0,2,ESTRADA,,VALE A MIB,,SN,,,,,,,,,,,-20.118084972222224,-44.10943,,CORREGO DO FEIJAO,3,35460000
31,9006,5,0,2,ESTRADA,,VALE A MIB,,SN,,,,,,,,,,,-20.126909972222222,-44.11710497222222,,CORREGO DO FEIJAO,3,35460000
31,9006,5,0,2,ESTRADA,,VALE A MIB,,SN,,,,,,,,,,,-20.129384972222223,-44.12024163888889,,CORREGO DO FEIJAO,3,35460000
31,9006,5,0,2,ESTRADA,,SEM DENOMINACAO,,SN,,,,,,,,,,,-20.142323305555554,-44.104481666666665,,CORREGO DO FEIJAO,3,35460000
31,9006,5,0,2,ESTRADA,,SEM DENOMINACAO,,SN,,,,,,,,,,,-20.148033305555554,-44.106369972222225,764.0,CORREGO DO FEIJAO,3,35460000
31,9006,5,0,2,ESTRADA,,CORREGO DO FEIJAO A RECANTO DA NEBLINA,,SN,,,,,,,,,,,-20.129349972222222,-44.092575000000004,,CORREGO DO FEIJAO,3,35460000
31,9006,5,0,2,RUA,,TRES,175.0,,,,,,,,,,,,-20.13295666666667,-44.108809972222225,,SAMAMBAIA,3,35460000
31,9006,5,0,2,RUA,,TRES,180.0,,,,,,,,,,,,-20.132255,-44.107644972222225,,CORREGO DO FEIJAO,3,35460000
31,9006,5,0,2,ESTRADA,,SERRADAO,,SN,,,,,,,,,,,-20.132908333333333,-44.137105,,TEJUCO,3,35460000
31,9006,5,0,2,RUA,,ENGENHO,,SN,,,,,,,,,,,-20.112771666666667,-44.06297166666666,,CASA BRANCA,3,35460000
31,9006,5,0,2,ESTRADA,,ALBERTO FLORES CORREGO DO FEIJ,,SN,,,,,,,,,,,-20.155806638888887,-44.126913333333334,,CORREGO DO FEIJAO,3,35460000
31,9006,5,0,2,ESTRADA,,ALBERTO FLORES CORREGO DO FEIJ,,SN,,,,,,,,,,,-20.158176666666666,-44.14498,803.0,ALBERTO FLORES,3,35460000
31,9006,5,0,2,ESTRADA,,ALBERTO FLORES MELO FRANCO,,SN,,,,,,,,,,,-20.17346163888889,-44.14101333333333,808.0,ALBERTO FLORES,3,35460000
31,9006,5,0,2,ESTRADA,,ALBERTO FLORES MELO FRANCO,,SN,,,,,,,,,,,-20.188301638888888,-44.120715,754.0,MELO FRANCO,3,35460000
31,9006,5,0,2,ESTRADA,,ALBERTO FLORES MELO FRANCO,,SN,,,,,,,,,,,-20.173023333333333,-44.12287,786.0,MELO FRANCO,3,35460000
31,9006,5,0,2,ESTRADA,,BRUMADINHO MELO FRANCO,,SN,,,,,,,,,,,-20.171386666666667,-44.15611830555555,759.0,ALBERTO FLORES,3,35460000
31,9006,5,0,2,ESTRADA,,BRUMADINHO MELO FRANCO,,SN,,,,,,,,,,,-20.173098305555555,-44.15597997222222,776.0,ALBERTO FLORES,3,35460000
31,9006,5,0,2,ESTRADA,,BRUMADINHO MELO FRANCO,,SN,,,,,,,,,,,-20.16219163888889,-44.152209972222224,752.0,ALBERTO FLORES,3,35460000
31,9006,5,0,2,ESTRADA,,BRUMADINHO MELO FRANCO,,SN,,,,,,,,,,,-20.16819330555556,-44.139496638888886,,ALBERTO FLORES,3,35460000
31,9006,5,0,2,ESTRADA,,BRUMADINHO MELO FRANCO,,SN,,,,,,,,,,,-20.176388333333335,-44.10833,764.0,ARANHA,3,35460000
31,9006,5,0,2,RUA,,UM,1.0,,,,,,,,,,,,-20.18982663888889,-44.12368663888889,755.0,MELO FRANCO,3,35460000
31,9006,5,0,2,ESTRADA,,SEM DENOMINACAO,,SN,,,,,,,,,,,-20.150888305555554,-44.104645,,CORREGO DO FEIJAO,3,35460000
31,9006,5,0,2,ESTRADA,,SEM DENOMINACAO,,SN,,,,,,,,,,,-20.151014999999997,-44.10106666666667,774.0,CORREGO DO FEIJAO,3,35460000
31,9006,5,0,2,ESTRADA,,SEM DENOMINACAO,,SN,,,,,,,,,,,-20.15265497222222,-44.10151833333334,796.0,CORREGO DO FEIJAO,3,35460000
31,9006,5,0,2,ESTRADA,,SEM DENOMINACAO,,SN,,,,,,,,,,,-20.150443305555555,-44.10564333333333,765.0,CORREGO DO FEIJAO,3,35460000
31,9006,5,0,2,ESTRADA,,SEM DENOMINACAO,,SN,,,,,,,,,,,-20.171283333333335,-44.088258305555556,797.0,ARANHA,3,35460000
31,9006,5,0,2,ESTRADA,,TREVO ALBERTO FLORES A CORREGO DO FEIJAO,,SN,,,,,,,,,,,-20.149468305555555,-44.13939333333333,848.0,ALBERTO FLORES,3,35460000
31,9006,5,0,2,ESTRADA,,MORRO GRANDE,,SN,,,,,,,,,,,-20.16136333333333,-44.13355166666667,,ALBERTO FLORES,3,35460000
31,9006,5,0,2,RODOVIA,,MG 40,523.0,B,,,,,,,,,,,-20.113256638888892,-44.199288305555555,,BRUMADINHO,3,35460000
31,9006,5,0,2,RODOVIA,,MG 40,523.0,A,,,,,,,,,,,-20.113298333333336,-44.199468305555556,,BRUMADINHO,3,35460000
31,9006,5,0,2,RODOVIA,,MG 40,,SN,,,,,,,,,,,-20.11325,-44.195899999999995,,BRUMADINHO,3,35460000
31,9006,5,0,2,RODOVIA,,MG 40,47.0,KM,,,,,,,,,,,-20.114720000000002,-44.205224972222226,734.0,BRUMADINHO,3,35460000
31,9006,5,0,2,RODOVIA,,MG 40,48.0,KM,,,,,,,,,,,-20.122148305555555,-44.20349163888889,746.0,BRUMADINHO,3,35460000
31,9006,5,0,2,RUA,,DOIS,222.0,,,,,,,,,,,,-20.114806666666667,-44.18658330555555,822.0,MONTE CRISTO,3,35460000
31,9006,5,0,2,RUA,,DO TEJUCO,,SN,,,,,,,,,,,-20.114793333333335,-44.15587997222222,,TEJUCO,3,35460000
31,9006,5,0,2,ESTRADA,,SERRADAO,,SN,,,,,,,,,,,-20.13222,-44.14189830555556,,TEJUCO,3,35460000
31,9006,5,0,2,ESTRADA,,SERRADAO,,SN,,,,,,,,,,,-20.12235163888889,-44.14603997222222,,TEJUCO,3,35460000
31,9006,5,0,2,RUA,,UM,,SN,,,,,,,,,,,-20.106385000000003,-44.18275663888889,871.0,MONTE CRISTO,3,35460000
31,9006,5,0,2,RUA,,DO CANTO,,SN,,,,,,,,,,,-20.154241666666664,-44.21916166666667,751.0,BRUMADINHO,3,35460000
31,9006,10,0,1,RUA,,JR,,SN,,,,,,,,,,,-20.24247163888889,-44.00441663888889,922.0,SUZANA,3,35460000
31,9006,10,0,1,RUA,,EXPEDITO AUGUSTO,,SN,,,,,,,,,,,-20.251476666666665,-44.01278333333333,911.0,BARREIRO,3,35460000
31,9006,10,0,1,RUA,,EXPEDITO AUGUSTO,,SN,,,,,,,,,,,-20.249839972222222,-44.015185,905.0,BARREIRO,3,35460000
31,9006,10,0,1,RUA,,EXPEDITO AUGUSTO,,SN,,,,,,,,,,,-20.250143333333334,-44.00965330555555,895.0,BARREIRO,3,35460000
31,9006,10,0,1,RUA,,EXPEDITO AUGUSTO,,SN,,,,,,,,,,,-20.251896666666667,-44.011403305555554,917.0,BARREIRO,3,35460000
31,9006,10,0,1,RUA,,PARA SUZANA,,SN,,,,,,,,,,,-20.250825,-44.00323163888889,922.0,BARREIRO,3,35460000
31,9006,10,0,1,RUA,,PARA SUZANA,165.0,,,,,,,,,,,,-20.236143333333334,-44.007415,886.0,SAMAMBAIA,3,35460000
31,9006,10,0,1,ESTRADA,,MINICIPAL,,SN,,,,,,,,,,,-20.193318305555557,-44.121465,752.0,MELO FRANCO,3,35460000
31,9006,10,0,1,ESTRADA,,CAMINHO DA TOCA,,SN,,,,,,,,,,,-20.20256997222222,-44.120506666666664,750.0,MELO FRANCO,3,35460000
31,9006,10,0,1,ESTRADA,,CAMINHO DA TOCA,12.0,,,,,,,,,,,,-20.203298305555556,-44.11976833333333,744.0,MELO FRANCO,3,35460000
31,9006,10,0,1,ESTRADA,,CAMINHO DA TOCA,,SN,,,,,,,,,,,-20.205781638888887,-44.11631166666667,752.0,MELO FRANCO,3,35460000
31,9006,10,0,1,ESTRADA,,CAMINHO DA TOCA,,SN,,,,,,,,,,,-20.206084999999998,-44.113841666666666,757.0,MELO FRANCO,3,35460000
31,9006,10,0,1,ESTRADA,,CAMINHO DA TOCA,721.0,,,,,,,,,,,,-20.197233333333333,-44.12206997222222,765.0,MELO FRANCO,3,35460000
31,9006,10,0,2,ESTRADA,,BRUMADINHO MELO FRANCO,,SN,,,,,,,,,,,-20.18058166666667,-44.11574663888889,760.0,MELO FRANCO,3,35460000
31,9006,10,0,2,ESTRADA,,BRUMADINHO MELO FRANCO,,SN,,,,,,,,,,,-20.179878333333335,-44.10961,797.0,MELO FRANCO,3,35460000
31,9006,10,0,2,ESTRADA,,BRUMADINHO MELO FRANCO,,SN,,,,,,,,,,,-20.17914163888889,-44.104998305555554,783.0,ARANHA,3,35460000
31,9006,10,0,2,ESTRADA,,BRUMADINHO MELO FRANCO,,SN,,,,,,,,,,,-20.188949972222222,-44.11576,757.0,MELO FRANCO,3,35460000
31,9006,10,0,2,ESTRADA,,BRUMADINHO MELO FRANCO,,SN,,,,,,,,,,,-20.18882,-44.1165,748.0,MELO FRANCO,3,35460000
31,9006,10,0,2,ESTRADA,,BRUMADINHO MELO FRANCO,,SN,,,,,,,,,,,-20.19768997222222,-44.115034972222226,777.0,MELO FRANCO,3,35460000
31,9006,10,0,2,ESTRADA,,DO CRUZEIRO,,SN,,,,,,,,,,,-20.21012163888889,-44.11201166666667,773.0,LAGOA GRANDE,3,35460000
31,9006,10,0,2,ESTRADA,,DO CRUZEIRO,,SN,,,,,,,,,,,-20.206508333333332,-44.111003305555556,749.0,MELO FRANCO,3,35460000
31,9006,10,0,2,ESTRADA,,DO CRUZEIRO,,SN,,,,,,,,,,,-20.206458333333334,-44.11108497222222,756.0,MELO FRANCO,3,35460000
31,9006,10,0,2,RUA,,DAS PEDRAS,,SN,,,,,,,,,,,-20.206478333333333,-44.08441166666667,851.0,ARANHA,3,35460000
31,9006,10,0,2,RUA,,PRINCIPAL,,SN,,,,,,,,,,,-20.213493333333332,-44.10331166666667,761.0,LAGOA GRANDE,3,35460000
31,9006,10,0,2,RUA,,PRINCIPAL,,SN,,,,,,,,,,,-20.219306638888888,-44.10525663888889,776.0,LAGOA GRANDE,3,35460000
31,9006,10,0,2,CAMINHO,,RUA DAS PEDRAS - SITIO BONANZA,,SN,,,,,,,,,,,-20.203501638888888,-44.07404163888889,871.0,ARANHAS,3,35460000
31,9006,10,0,2,RUA,,JESUINA,,SN,,,,,,,,,,,-20.200363305555555,-44.088726666666666,831.0,ARANHA,3,35460000
31,9006,10,0,2,ESTRADA,DONA,ALZIRA MAIA,,SN,,,,,,,,,,,-20.18156663888889,-44.08917163888889,774.0,ARANHA,3,35460000
31,9006,10,0,2,RUA,,A,,SN,,,,,,,,,,,-20.176309972222224,-44.103319972222224,770.0,ARANHA,3,35460000
31,9006,20,0,2,RODOVIA,,PIEDADE A 040,3.0,KM,,,,,,,,,,,-20.170728305555556,-43.997186666666664,1060.0,PIEDADE DO PARAOPEBA,3,35460000
31,9006,10,0,2,ESTRADA,,ARANHA PARA CORREGO DE ALMAS,,SN,,,,,,,,,,,-20.207446666666666,-44.06112497222222,879.0,CORREGO DE ALMAS,3,35460000
31,9006,10,0,2,ESTRADA,,ARANHA PARA CORREGO DE ALMAS,,SN,,,,,,,,,,,-20.206579972222222,-44.05713163888888,881.0,CORREGO DE ALMAS,3,35460000
31,9006,10,0,2,ESTRADA,,CORREGO DE ALMAS PARA MARQUES,,SN,,,,,,,,,,,-20.20515333333333,-44.035558333333334,937.0,CORREGO DE ALMAS,3,35460000
31,9006,10,0,2,ESTRADA,,CORREGO DE ALMAS PARA MARQUES,,SN,,,,,,,,,,,-20.214461666666665,-44.05374663888889,904.0,CORREGO DE ALMAS,3,35460000
31,9006,10,0,2,ESTRADA,,GROTAO,,SN,,,,,,,,,,,-20.212456666666665,-44.071803333333335,875.0,CORREGO DE ALMAS,3,35460000
31,9006,10,0,2,ESTRADA,,MARINHOS PARA ARANHA,,SN,,,,,,,,,,,-20.236203305555556,-44.07652166666667,815.0,CORONEL EURICO,3,35460000
31,9006,10,0,2,ESTRADA,,MARINHOS PARA ARANHA,,SN,,,,,,,,,,,-20.24059666666667,-44.07449166666667,794.0,CORONEL EURICO,3,35460000
31,9006,10,0,2,ESTRADA,,MARINHOS PARA ARANHA,2.0,,,,,,,,,,,,-20.228841666666664,-44.087113305555555,825.0,MARINHO VELHO,3,35460000
31,9006,10,0,2,ESTRADA,,MARINHOS PARA ARANHA,,SN,,,,,,,,,,,-20.237976638888888,-44.07832830555556,827.0,RIBEIRAO,3,35460000
31,9006,10,0,2,ESTRADA,,MARINHOS PARA ARANHA,,SN,,,,,,,,,,,-20.229396638888886,-44.09412663888889,783.0,CORONEL EURICO,3,35460000
31,9006,10,0,2,ESTRADA,,MUSSUNGO,,SN,,,,,,,,,,,-20.22201497222222,-44.080175000000004,817.0,CORONEL EURICO,3,35460000
31,9006,10,0,2,ESTRADA,CORONEL,EURICO PARA PARADA DA DONA,18.0,,,,,,,,,,,,-20.219841666666664,-44.096806666666666,778.0,CORONEL EURICO,3,35460000
31,9006,10,0,2,ESTRADA,,ILDEFONSO ROSA AMORIM,,SN,,,,,,,,,,,-20.225565,-44.03371833333333,960.0,CORREGO DE ALMAS,3,35460000
31,9006,10,0,2,ESTRADA,,ILDEFONSO ROSA AMORIM,,SN,,,,,,,,,,,-20.220713305555552,-44.03713333333333,928.0,CORREGO DE ALMAS,3,35460000
31,9006,10,0,2,ESTRADA,,ILDEFONSO ROSA AMORIM,,SN,,,,,,,,,,,-20.22585663888889,-44.037256638888884,968.0,CORREGO DE ALMAS,3,35460000
31,9006,10,0,2,ESTRADA,,ILDEFONSO ROSA AMORIM,,SN,,,,,,,,,,,-20.217526638888888,-44.02811163888889,948.0,CORREGO DE ALMAS,3,35460000
31,9006,10,0,2,ESTRADA,,ILDEFONSO ROSA AMORIM,,SN,,,,,,,,,,,-20.215921666666667,-44.04318,918.0,CORREGO DE ALMAS,3,35460000
31,9006,10,0,2,ESTRADA,,ILDEFONSO ROSA AMORIM,,SN,,,,,,,,,,,-20.217976666666665,-44.039941666666664,925.0,CORREGO DE ALMAS,3,35460000
31,9006,10,0,2,ESTRADA,,MANUEL ROSA DE AMORIM,,SN,,,,,,,,,,,-20.233531666666668,-44.020379999999996,890.0,SAMAMBAIA,3,35460000
31,9006,10,0,2,ESTRADA,,ANTONIO AMORIM,,SN,,,,,,,,,,,-20.209836638888888,-44.05454833333333,922.0,CORREGO DE ALMAS,3,35460000
31,9006,10,0,2,ESTRADA,,ANTONIO AMORIM,,SN,,,,,,,,,,,-20.210854972222222,-44.05038,893.0,CORREGO DE ALMAS,3,35460000
31,9006,10,0,2,ESTRADA,,MANUEL DELFINO AMORIM,,SN,,,,,,,,,,,-20.20441,-44.04091663888889,911.0,CORREGO DE ALMAS,3,35460000
31,9006,10,0,2,RUA,,RIBEIRAO 1,98.0,,,,,,,,,,,,-20.244959972222222,-44.06329833333333,847.0,RIBEIRAO,3,35460000
31,9006,20,0,2,ESTRADA,,MARQUES ARANHA,,SN,,,,,,,,,,,-20.187996666666667,-44.068741638888895,815.0,MARQUES,3,35460000
31,9006,20,0,2,ESTRADA,,MARQUES A PALHANO,,SN,,,,,,,,,,,-20.191913333333332,-44.04310663888889,819.0,PALHANO,3,35460000
31,9006,20,0,2,ESTRADA,,MARQUES A PALHANO,302.0,,,,,,,,,,,,-20.188315,-44.048825,796.0,MARQUES,3,35460000
31,9006,20,0,2,ESTRADA,,MARQUES A PALHANO,,SN,,,,,,,,,,,-20.190693333333332,-44.04047163888889,830.0,MARQUES,3,35460000
31,9006,20,0,2,ESTRADA,,MARQUES A PALHANO,,SN,,,,,,,,,,,-20.18588666666667,-44.03481333333333,831.0,MARQUES,3,35460000
31,9006,20,0,2,ESTRADA,,MORRO GRANDE,,SN,,,,,,,,,,,-20.189184972222222,-44.05660997222222,806.0,MARQUES,3,35460000
31,9006,20,0,2,ESTRADA,,MORRO GRANDE,,SN,,,,,,,,,,,-20.18906663888889,-44.056329999999996,804.0,MARQUES,3,35460000
31,9006,10,0,2,ESTRADA,,TRES BARRAS PARA SAMAMBAIA,,SN,,,,,,,,,,,-20.2488,-44.04338833333333,828.0,SAMAMBAIA,3,35460000
31,9006,10,0,2,ESTRADA,,TRES BARRAS PARA SAMAMBAIA,,SN,,,,,,,,,,,-20.24611666666667,-44.05188333333333,824.0,RIBEIRAO,3,35460000
31,9006,10,0,2,RUA,,HUM,,SN,,,,,,,,,,,-20.24208163888889,-44.017331666666664,862.0,SAMAMBAIA,3,35460000
31,9006,10,0,2,RUA,,HUM,275.0,,,,,,,,,,,,-20.24302163888889,-44.015103333333336,861.0,SAMAMBAIA,3,35460000
31,9006,10,0,2,RUA,,HUM,,SN,,,,,,,,,,,-20.235883333333334,-44.01709833333333,865.0,SAMAMBAIA,3,35460000
31,9006,10,0,2,RUA,,HUM,,SN,,,,,,,,,,,-20.23313,-44.008008305555556,880.0,SAMAMBAIA,3,35460000
31,9006,10,0,2,ESTRADA,,SAMAMBAIA,,SN,,,,,,,,,,,-20.227456666666665,-44.017453333333336,882.0,SAMAMBAIA,3,35460000
31,9006,10,0,2,ESTRADA,,MANUEL ROSA AMORIM,,SN,,,,,,,,,,,-20.218826666666665,-44.023336638888885,974.0,ESTIVA,3,35460000
31,9006,20,0,2,AVENIDA,,NOSSA SENHORA DA CONCEICAO,560.0,,,,,,,,,,,,-20.192768305555557,-44.023496638888886,829.0,PALHANO,3,35460000
31,9006,20,0,2,FAZENDA,,TUMBA,,SN,,,,,,,,,,,-20.206408305555556,-44.03143997222222,956.0,CORREGO DE ALMAS,3,35460000
31,9006,20,0,2,RUA,,ESTRADA PARA CANDEIAS,,SN,,,,,,,,,,,-20.206889999999998,-44.02218497222222,874.0,CANDEIAS,3,35460000
31,9006,20,0,2,RUA,,ESTRADA RANCHO DO PEIXE,,SN,,,,,,,,,,,-20.201463333333333,-44.02341333333333,857.0,PALHANO,3,35460000
31,9006,20,0,2,ESTRADA,,SEM DENOMINACAO,,SN,,,,,,,,,,,-20.202773333333333,-44.028378305555556,876.0,PALHANO,3,35460000
31,9006,20,0,2,ESTRADA,,SEM DENOMINACAO,28.0,,,,,,,,,,,,-20.203313333333334,-44.026073305555556,871.0,PALHANO,3,35460000
31,9006,20,0,2,ESTRADA,,CACHOEIRA DA BOA VISTA,,SN,,,,,,,,,,,-20.183695,-44.06198833333333,780.0,MARQUES,3,35460000
31,9006,20,0,2,ESTRADA,,ARANHA A MARQUES,,SN,,,,,,,,,,,-20.184019972222224,-44.07607497222222,798.0,MARQUES,3,35460000
31,9006,20,0,2,ESTRADA,,MAURILIO PARREIRA MAIA,,SN,,,,,,,,,,,-20.178823305555557,-44.08154666666667,776.0,MARQUES,3,35460000
31,9006,20,0,2,ESTRADA,,MAURILIO PARREIRA MAIA,,SN,,,,,,,,,,,-20.170405000000002,-44.078834972222225,,ARANHA,3,35460000
31,9006,20,0,2,ESTRADA,,CASA BRANCA A CORREGO DE AREIA,,SN,,,,,,,,,,,-20.122319972222222,-44.055006666666664,,CASA BRANCA,3,35460000
31,9006,20,0,2,ESTRADA,,CASA BRANCA A CORREGO DE AREIA,,SN,,,,,,,,,,,-20.124849972222222,-44.05752666666666,,CORREGO DE AREIAS,3,35460000
31,9006,20,0,2,ESTRADA,,SEM DENOMINACAO,,SN,,,,,,,,,,,-20.145578333333333,-44.08726663888889,,CORREGO DO FEIJAO,3,35460000
31,9006,20,0,2,ESTRADA,,SEM DENOMINACAO,,SN,,,,,,,,,,,-20.16802163888889,-44.06068666666666,806.0,MARQUES,3,35460000
31,9006,20,0,2,ESTRADA,,SEM DENOMINACAO,,SN,,,,,,,,,,,-20.173088333333336,-44.061371638888886,825.0,MARQUES,3,35460000
31,9006,20,0,2,ESTRADA,,SEM DENOMINACAO,,SN,,,,,,,,,,,-20.14472,-44.07492497222223,,CASA BRANCA,3,35460000
31,9006,20,0,2,ESTRADA,,MARQUES A PIEDADE,,SN,,,,,,,,,,,-20.170530000000003,-44.043211666666664,,MARQUES,3,35460000
31,9006,20,0,2,ESTRADA,,MARQUES A PIEDADE,,SN,,,,,,,,,,,-20.166328333333333,-44.035061666666664,,MARQUES,3,35460000
31,9006,20,0,2,ESTRADA,,MARQUES A PIEDADE,,SN,,,,,,,,,,,-20.181439972222222,-44.049056666666665,796.0,PIEDADE DO PARAOPEBA,3,35460000
31,9006,20,0,2,ESTRADA,,MARQUES A PIEDADE,16.0,SUS,,,,,,,,,,,-20.183878333333332,-44.06004497222222,796.0,MARQUES,3,35460000
31,9006,20,0,2,ESTRADA,,PIEDADE PARAOPEBA A CASA BRANCA,135.0,,,,,,,,,,,,-20.159614972222222,-44.030143305555555,,PIEDADE DO PARAOPEBA,3,35460000
31,9006,15,0,2,RUA,,4,,SN,,,,,,,,,,,-20.206878305555556,-44.24885830555556,845.0,MATO DENTRO,3,35460000
31,9006,15,0,2,RUA,,4,,SN,,,,,,,,,,,-20.20585663888889,-44.24187166666667,816.0,BRUMADINHO,3,35460000
31,9006,15,0,2,RUA,,4,,SN,,,,,,,,,,,-20.20675163888889,-44.24320497222222,830.0,BRUMADINHO,3,35460000
31,9006,15,0,2,RUA,,4,,SN,,,,,,,,,,,-20.205565,-44.24625830555556,830.0,MATO DENTRO,3,35460000
31,9006,15,0,2,RUA,,4,,SN,,,,,,,,,,,-20.200248305555554,-44.24120333333333,878.0,MATO DENTRO,3,35460000
31,9006,15,0,2,RUA,,UM,,SN,,,,,,,,,,,-20.207198305555554,-44.23943997222222,810.0,MATO DENTRO,3,35460000
31,9006,15,0,2,RUA,,UM,,SN,,,,,,,,,,,-20.214843333333334,-44.241926666666664,804.0,MATO DENTRO,3,35460000
31,9006,15,0,2,RUA,,UM,20.0,,,,,,,,,,,,-20.210173333333334,-44.23713163888889,821.0,MATO DENTRO,3,35460000
31,9006,15,0,2,RUA,,UM,,SN,,,,,,,,,,,-20.20807,-44.23986997222222,806.0,BRUMADINHO,3,35460000
31,9006,15,0,2,RUA,,UM,,SN,,,,,,,,,,,-20.21162497222222,-44.23990663888889,803.0,MATO DENTRO,3,35460000
31,9006,15,0,2,RUA,,UM,,SN,,,,,,,,,,,-20.207748305555555,-44.238734972222225,806.0,MATO DENTRO,3,35460000
31,9006,15,0,2,ESTRADA,,PARA RIO MANSO,,SN,,,,,,,,,,,-20.230379999999997,-44.237696666666665,874.0,AGUAS CLARAS,3,35460000
31,9006,15,0,2,ESTRADA,,PARA RIO MANSO,,SN,,,,,,,,,,,-20.253391666666666,-44.24862663888889,875.0,REGIAO DE INGA,3,35460000
31,9006,15,0,2,RODOVIA,,FERNAO DIAS,,SN,SEDE,,,,,,,,,,-20.14606,-44.311249999999994,1019.0,BRUMADINHO,3,35460000
31,9006,15,0,2,RODOVIA,,FERNAO DIAS,,SN,SEDE,,SITIO,DA EDNA,,,,,,,-20.14698497222222,-44.32216830555556,896.0,BRUMADINHO,3,35460000
31,9006,15,0,2,RODOVIA,,FERNAO DIAS,526.0,KM,CHALE,,SITIO,,,,,,,,-20.147729972222223,-44.32296497222222,852.0,BRUMADINHO,3,35460000
31,9006,15,0,2,RODOVIA,,FERNAO DIAS,,SN,,,,,,,,,,,-20.159989999999997,-44.338955000000006,841.0,VELOSO,3,35460000
31,9006,15,0,2,RUA,,B,400.0,,,,,,,,,,,,-20.131378333333334,-44.308335,,VALE DO INGA,3,35460000
31,9006,15,0,2,RUA,,TRES,,SN,,,,,,,,,,,-20.128443305555557,-44.32040997222222,,VALE DO INGA,3,35460000
31,9006,15,0,2,RUA,,TRES,,SN,,,,,,,,,,,-20.136678305555556,-44.316264999999994,,VALE DO INGA,3,35460000
31,9006,15,0,2,RUA,,TRES,,SN,,,,,,,,,,,-20.123383333333333,-44.319159972222224,,VALE DO INGA,3,35460000
31,9006,15,0,2,VALE,,INGA,,SN,CASA,,,,,,,,,,-20.135424999999998,-44.32085163888889,,VALE INGA,3,35460000
31,9006,15,0,2,RUA,,E,430.0,,CASA,,,,,,,,,,-20.13094163888889,-44.30985333333333,986.0,VALE INGA,3,35460000
31,9006,25,0,2,ESTRADA,,BEIRA LINHA,,SN,,,,,,,,,,,-20.23626,-44.091165000000004,784.0,CORONEL EURICO,3,35460000
31,9006,25,0,2,ESTRADA,,GOMES PARA TAQUARACU,,SN,,,,,,,,,,,-20.297714972222224,-44.044068305555555,837.0,TAQUARACU,3,35460000
31,9006,25,0,2,ESTRADA,,GOMES PARA TAQUARACU,,SN,,,,,,,,,,,-20.29764,-44.04946997222222,840.0,TAQUARACU,3,35460000
31,9006,25,0,2,ESTRADA,,MARINHOS MOEDA,,SN,,,,,,,,,,,-20.286548333333336,-44.074418333333334,831.0,SAPE,3,35460000
31,9006,25,0,2,ESTRADA,,MARINHOS PARA ARANHA,13.0,KM,,,,,,,,,,,-20.251805,-44.08470663888889,809.0,MARINHOS,3,35460000
31,9006,25,0,2,ESTRADA,,MARINHOS PARA ARANHA,,SN,,,,,,,,,,,-20.260474972222223,-44.081788305555555,820.0,MARINHOS,3,35460000
31,9006,25,0,2,ESTRADA,,MARINHOS PARA ARANHA,,SN,,,,,,,,,,,-20.257453333333334,-44.07989830555556,820.0,MARINHOS,3,35460000
31,9006,25,0,2,ESTRADA,,MARINHOS PARA ARANHA,16.0,,,,,,,,,,,,-20.244228333333336,-44.08450833333334,823.0,CORONEL EURICO,3,35460000
31,9006,25,0,2,ESTRADA,,MARINHOS PARA ARANHA,12.0,KM,,,,,,,,,,,-20.245551666666668,-44.08800163888889,817.0,MARINHOS,3,35460000
31,9006,25,0,2,ESTRADA,,MARINHOS PARA ARANHA,,SN,,,,,,,,,,,-20.251403333333332,-44.086315,821.0,MARINHOS,3,35460000
31,9006,25,0,2,ESTRADA,,MARTINS PARA LIMEIRA,,SN,,,,,,,,,,,-20.268976666666667,-44.03718997222222,844.0,MARTINS,3,35460000
31,9006,25,0,2,ESTRADA,,MARTINS PARA LIMEIRA,,SN,,,,,,,,,,,-20.27309,-44.03413,850.0,MARTINS,3,35460000
31,9006,25,0,2,ESTRADA,,MARTINS PARA PADRE ANTONIO,,SN,,,,,,,,,,,-20.25840663888889,-44.02749333333333,878.0,MARTINS,3,35460000
31,9006,25,0,2,ESTRADA,,PRINCIPAL DE ARANHA PARA MARINHOS,,SN,,,,,,,,,,,-20.242509972222223,-44.08079,814.0,MARINHOS,3,35460000
31,9006,25,0,2,ESTRADA,,RIBEIRAO A FAZENDA MARTINS,,SN,,,,,,,,,,,-20.252633305555555,-44.05241997222222,817.0,MARTINS,3,35460000
31,9006,25,0,2,ESTRADA,,RIBEIRAO A FAZENDA MARTINS,,SN,,,,,,,,,,,-20.26372497222222,-44.04038497222222,833.0,MARTINS,3,35460000
31,9006,25,0,2,ESTRADA,,RIBEIRAO AO TREVO DE MARINHOS,,SN,,,,,,,,,,,-20.247991666666667,-44.071313333333336,826.0,RIBEIRAO,3,35460000
31,9006,25,0,2,ESTRADA,,RIBEIRAO AO TREVO DE MARINHOS,,SN,,,,,,,,,,,-20.246043333333333,-44.075854972222224,809.0,RIBEIRAO,3,35460000
31,9006,25,0,2,ESTRADA,,RIBEIRAO AO TREVO DE MARINHOS,,SN,,,,,,,,,,,-20.251561666666667,-44.06690833333334,831.0,RIBEIRAO,3,35460000
31,9006,25,0,2,ESTRADA,,RIBEIRAO PARA MARTINS,,SN,,,,,,,,,,,-20.25684163888889,-44.042138305555554,834.0,MARTINS,3,35460000
31,9006,25,0,2,ESTRADA,,SAPE A RIBEIRAO,,SN,,,,,,,,,,,-20.28172,-44.07119330555556,828.0,SAPE,3,35460000
31,9006,25,0,2,ESTRADA,,SAPE PARA MOEDA VELHA,,SN,,,,,,,,,,,-20.28112663888889,-44.069339972222224,834.0,SAPE,3,35460000
31,9006,25,0,2,ESTRADA,,SAPE PARA MOEDA VELHA,,SN,,,,,,,,,,,-20.28117,-44.07372497222222,818.0,SAPE,3,35460000
31,9006,25,0,2,ESTRADA,,SAPE PARA MOEDA VELHA,,SN,,,,,,,,,,,-20.28607666666667,-44.06453833333333,841.0,SAPE,3,35460000
31,9006,25,0,2,ESTRADA,,SITIO ESTANCIA DO SINO,,SN,,,,,,,,,,,-20.229198305555553,-44.097973305555556,795.0,CORONEL EURICO,3,35460000
31,9006,25,0,2,ESTRADA,,TAQUARACU OU GOMES,,SN,,,,,,,,,,,-20.313113333333334,-44.06753166666667,800.0,GOMES,3,35460000
31,9006,25,0,2,ESTRADA,,TAQUARACU OU GOMES,,SN,,,,,,,,,,,-20.29770663888889,-44.04392166666666,839.0,TAQUARACU OU GOMES,3,35460000
31,9006,25,0,2,ESTRADA,,TAQUARACU OU GOMES,,SN,,,,,,,,,,,-20.30074,-44.04884330555555,816.0,TAQUARACU OU GOMES,3,35460000
31,9006,25,0,2,ESTRADA,,TAQUARACU OU GOMES,,SN,,,,,,,,,,,-20.30915163888889,-44.05743333333333,819.0,TAQUARACU OU GOMES,3,35460000
31,9006,25,0,2,ESTRADA,,TAQUARACU OU GOMES,,SN,,,,,,,,,,,-20.295708305555557,-44.04159,838.0,TAQUARACU OU GOMES,3,35460000
31,9006,25,0,2,ESTRADA,,TAQUARACU OU GOMES,,SN,,,,,,,,,,,-20.292555,-44.04218833333333,868.0,TAQUARACU OU GOMES,3,35460000
31,9006,25,0,2,ESTRADA,CORONEL,EURICO PARA MARINHOS,,SN,,,,,,,,,,,-20.241488305555556,-44.090245,789.0,GROTA DA CAVA,3,35460000
31,9006,25,0,2,ESTRADA,CORONEL,EURICO PARA MARINHOS,,SN,,,,,,,,,,,-20.244974972222224,-44.089218333333335,813.0,GROTA DA CAVA,3,35460000
31,9006,25,0,2,RUA,,DOIS,415.0,,,,,,,,,,,,-20.271738305555555,-44.05197,860.0,COLEGIO,3,35460000
31,9006,25,0,2,RUA,,HUM,,SN,,,,,,,,,,,-20.258413333333333,-44.057903305555556,831.0,COLEGIO,3,35460000
31,9006,25,0,2,RUA,,HUM,205.0,,,,,,,,,,,,-20.263136638888888,-44.0547,826.0,COLEGIO,3,35460000
31,9006,25,0,2,RUA,,HUM,1350.0,,,,,,,,,,,,-20.266816666666667,-44.05881833333333,840.0,COLEGIO,3,35460000
31,9006,25,0,2,RUA,,HUM,2131.0,,,,,,,,,,,,-20.270859972222222,-44.06133163888889,852.0,COLEGIO,3,35460000
31,9006,25,0,2,RUA,,HUM,1001.0,,,,,,,,,,,,-20.273379972222223,-44.06832497222223,833.0,SAPE,3,35460000
31,9006,25,0,2,RUA,,HUM,7.0,,,,,,,,,,,,-20.283289999999997,-44.074738333333336,822.0,SAPE,3,35460000
31,9006,25,0,2,RUA,,HUM,,SN,,,,,,,,,,,-20.263151666666666,-44.05135997222222,857.0,COLEGIO,3,35460000
31,9006,25,0,2,RUA,,HUM,1110.0,,,,,,,,,,,,-20.27357333333333,-44.06879666666667,834.0,SAPE,3,35460000
31,9006,25,0,2,RUA,,TRES,139.0,,,,,,,,,,,,-20.269545,-44.05679833333333,829.0,COLEGIO,3,35460000
31,9006,25,0,2,ESTRADA,,MARTINS A SUZANA,,SN,,,,,,,,,,,-20.26243663888889,-44.033163333333334,857.0,MARTINS,3,35460000
31,9006,25,0,2,ESTRADA,,MARTINS A SUZANA,,SN,,,,,,,,,,,-20.26248,-44.03080830555555,857.0,MARTINS,3,35460000
31,9006,25,0,2,ESTRADA,,MARTINS A SUZANA,,SN,,,,,,,,,,,-20.256815,-44.02426163888889,894.0,MARTINS,3,35460000
31,9006,25,0,2,ESTRADA,,SAPE A COLEGIO,,SN,,,,,,,,,,,-20.273654999999998,-44.07282330555556,818.0,SAPE,3,35460000
31,9006,15,0,1,RUA,,DE CALCAMENTO,,SN,,,,,,,,,,,-20.145405,-44.232398305555556,764.0,BRUMADINHO,3,35460000
31,9006,5,0,2,AVENIDA,,MG 040,50.0,KM,,,,,,,,,,,-20.12864,-44.200140000000005,770.0,BRUMADINHO,3,35460000
31,9006,5,0,2,AVENIDA,,MG 040,50.0,KM,,,,,,,,,,,-20.136836666666667,-44.21039666666667,770.0,BRUMADINHO,3,35460000
31,9006,5,0,2,AVENIDA,,MG 040,,SN,,,,,,,,,,,-20.114124972222225,-44.20231666666667,723.0,BRUMADINHO,3,35460000
31,9006,5,0,2,AVENIDA,,MG 040,,SN,,,,,,,,,,,-20.12262663888889,-44.19582166666666,762.0,BRUMADINHO,3,35460000
31,9006,25,0,2,RUA,,PARAOPEBA,8207.0,,,,,,,,,,,,-20.260871666666667,-44.12173,750.0,SAO JOSE DO PARAOPEBA,3,35460000
31,9006,25,0,2,RUA,,JOAQUIM AUGUSTO RODRIGUES,,SN,,,,,,,,,,,-20.260474972222223,-44.118655000000004,778.0,SAO JOSE DO PARAOPEBA,3,35460000
31,9006,25,0,2,RUA,,JOAQUIM AUGUSTO RODRIGUES,1.0,,,,,,,,,,,,-20.266443305555555,-44.10952163888889,765.0,SAO JOSE DO PARAOPEBA,3,35460000
31,9006,25,0,2,RUA,,JOAQUIM AUGUSTO RODRIGUES,10.0,,,,,,,,,,,,-20.267053305555553,-44.11092,769.0,SAO JOSE DO PARAOPEBA,3,35460000
31,9006,25,0,2,RUA,,JOAQUIM AUGUSTO RODRIGUES,30.0,,,,,,,,,,,,-20.266759999999998,-44.11060663888889,770.0,SAO JOSE DO PARAOPEBA,3,35460000
31,9006,25,0,2,RUA,,JOAQUIM AUGUSTO RODRIGUES,184.0,,,,,,,,,,,,-20.26636663888889,-44.11190663888889,750.0,SAO JOSE,3,35460000
31,9006,25,0,2,RUA,,JOAQUIM AUGUSTO RODRIGUES,405.0,,,,,,,,,,,,-20.26606,-44.11228997222222,762.0,SAO JOSE DO PARAOPEBA,3,35460000
31,9006,25,0,2,RUA,,PATROCINIO,175.0,,,,,,,,,,,,-20.26261166666667,-44.11784166666667,756.0,SAO JOSE DO PARAOPEBA,3,35460000
31,9006,25,0,2,RUA,,CAETANO ALVES CAMPOS,288.0,,,,,,,,,,,,-20.26895,-44.10915666666667,776.0,SAO JOSE DO PARAOPEBA,3,35460000
31,9006,25,0,2,RUA,,SEM DENOMINACAO,,SN,,,,,,,,,,,-20.260718305555557,-44.12177833333333,752.0,SAO JOSE DO PARAOPEBA,3,35460000
31,9006,10,0,2,RUA,,FELICIANO PINTO BRANDAO,699.0,,,,,,,,,,,,-20.188666666666666,-44.099810000000005,808.0,ARANHA,3,35460000
31,9006,10,0,2,AVENIDA,,A,699.0,,,,,,,,,,,,-20.187573305555556,-44.09804166666667,830.0,ARANHA,3,35460000
31,9006,10,0,2,RUA,,H,423.0,,,,,,,,,,,,-20.18320166666667,-44.102428305555556,817.0,ARANHA,3,35460000
31,9006,10,0,2,RUA,,SEM DENOMINACAO,,SN,,,,,,,,,,,-20.198578333333334,-44.09689663888889,818.0,ARANHA,3,35460000
31,9006,10,0,2,RUA,,SEM DENOMINACAO,,SN,,,,,,,,,,,-20.198709972222222,-44.09573163888889,810.0,ARANHA,3,35460000
31,9006,10,0,2,ESTRADA,,ARANHA A MARQUES,,SN,,,,,,,,,,,-20.190893305555555,-44.09711333333333,798.0,ARANHA,3,35460000
31,9006,25,0,2,ESTRADA,,CASINHA SENTIDO MARINHOS,,SN,,,,,,,,,,,-20.27544497222222,-44.081743333333335,824.0,GROTA DO MASSANGANO,3,35460000
31,9006,25,0,2,ESTRADA,,CASINHA SENTIDO MARINHOS,,SN,,,,,,,,,,,-20.303735,-44.077255,786.0,GROTA DO MASSANGANO,3,35460000
31,9006,25,0,2,ESTRADA,,CASINHA SENTIDO MARINHOS,,SN,,,,,,,,,,,-20.30125,-44.07598333333333,797.0,CASINHA,3,35460000
31,9006,25,0,2,ESTRADA,,CASINHA SENTIDO MARINHOS,,SN,,,,,,,,,,,-20.300178333333335,-44.075634972222225,797.0,CASINHA,3,35460000
31,9006,25,0,2,ESTRADA,,CASINHA SENTIDO MARINHOS,,SN,,,,,,,,,,,-20.289761666666667,-44.07667330555556,869.0,CASINHA,3,35460000
31,9006,25,0,2,ESTRADA,,CASINHA SENTIDO MARINHOS,452.0,,,,,,,,,,,,-20.276258305555555,-44.09272666666667,790.0,SAO JOSE DO PARAOPEBA,3,35460000
31,9006,25,0,2,ESTRADA,,DA FAZ BOA VITORIA A MACANGANO,,SN,,,,,,,,,,,-20.307564972222224,-44.106728333333336,768.0,MASSANGANO,3,35460000
31,9006,25,0,2,ESTRADA,,DA FAZ BOA VITORIA A MACANGANO,,SN,,,,,,,,,,,-20.275859999999998,-44.09674166666667,783.0,SAO JOSE DO PARAOPEBA,3,35460000
31,9006,25,0,2,ESTRADA,,ESTRADA A DIREITA DEPOIS DA PO,,SN,,,,,,,,,,,-20.310066666666668,-44.07913333333334,783.0,CASINHA,3,35460000
31,9006,25,0,2,ESTRADA,,ESTRADA A DIREITA DEPOIS DA PO,,SN,,,,,,,,,,,-20.309926666666666,-44.07925666666667,787.0,CASINHA,3,35460000
31,9006,25,0,2,ESTRADA,,ESTRADA PRINCIPAL PARA MARACUJ,,SN,,,,,,,,,,,-20.245308333333334,-44.11239830555556,770.0,MARACUJA,3,35460000
31,9006,25,0,2,ESTRADA,,FAZENDA BOA VITORIA PARA MASSA,,SN,,,,,,,,,,,-20.29145163888889,-44.11300163888889,764.0,SAO JOSE DO PARAOPEBA,3,35460000
31,9006,25,0,2,ESTRADA,,MELO FRACO PARA SAO JOSE DO PA,,SN,,,,,,,,,,,-20.227229972222222,-44.112729972222226,747.0,BANANAL,3,35460000
31,9006,25,0,2,ESTRADA,,MELO FRACO PARA SAO JOSE DO PA,,SN,,,,,,,,,,,-20.22847997222222,-44.11354666666667,773.0,TOCA DE CIMA,3,35460000
31,9006,25,0,2,ESTRADA,,TOCA PARA CORONEL EURIC0,,SN,,,,,,,,,,,-20.23607,-44.11490997222222,761.0,TOCA,3,35460000
31,9006,25,0,2,ESTRADA,,TOCA PARA CORONEL EURIC0,,SN,,,,,,,,,,,-20.23155,-44.10309663888889,784.0,CORONEL EURICO,3,35460000
31,9006,25,0,2,ESTRADA,,TOCA PARA CORONEL EURIC0,,SN,,,,,,,,,,,-20.23604166666667,-44.134065,777.0,TOCA DE CIMA,3,35460000
31,9006,25,0,2,ESTRADA,,TOCA PARA CORONEL EURIC0,,SN,,,,,,,,,,,-20.235665,-44.123938305555555,748.0,TOCA DE CIMA,3,35460000
31,9006,25,0,2,ESTRADA,,TOCA PARA SAO JOSE DO PARAOPEB,,SN,,,,,,,,,,,-20.238678333333333,-44.11547,753.0,TOCA DE CIMA,3,35460000
31,9006,25,0,2,ESTRADA,,TOCA PARA SAO JOSE DO PARAOPEB,,SN,,,,,,,,,,,-20.242845000000003,-44.11403163888889,764.0,MARACUJA,3,35460000
31,9006,25,0,2,ESTRADA,,TOCA SENTIDO SAO JOSE DO PARAO,,SN,,,,,,,,,,,-20.256341638888888,-44.112895,759.0,CHACARA,3,35460000
31,9006,25,0,2,ESTRADA,,TOCA SENTIDO SAO JOSE DO PARAO,,SN,,,,,,,,,,,-20.257151666666665,-44.11069330555556,783.0,CHACARA,3,35460000
31,9006,25,0,2,ESTRADA,,TOCA SENTIDO SAO JOSE DO PARAO,,SN,,,,,,,,,,,-20.256609972222222,-44.11788166666667,768.0,SAO JOSE DO PARAOPEBA,3,35460000
31,9006,25,0,2,ESTRADA,,TOCA SENTIDO SAO JOSE DO PARAO,,SN,,,,,,,,,,,-20.236395,-44.128908305555555,755.0,TOCA DE CIMA,3,35460000
31,9006,25,0,2,ESTRADA,CORONEL,EURICO PARA BANANAL,,SN,,,,,,,,,,,-20.22421997222222,-44.104035,816.0,CORONEL EURICO,3,35460000
31,9006,25,0,2,ESTRADA,CORONEL,EURICO PARA BANANAL,,SN,,,,,,,,,,,-20.224151638888888,-44.104261666666666,812.0,CORONEL EURICO,3,35460000
31,9006,25,0,2,ESTRADA,SAO,JOSE PARA MARINHOS,,SN,,,,,,,,,,,-20.26610833333333,-44.10380163888889,778.0,SAO JOSE DO PARAOPEBA,3,35460000
31,9006,25,0,2,ESTRADA,SAO,JOSE PARA MARINHOS,,SN,,,,,,,,,,,-20.26804163888889,-44.09546163888889,845.0,SAO JOSE DO PARAOPEBA,3,35460000
31,9006,25,0,2,ESTRADA,SAO,JOSE PARA MARINHOS,,SN,,,,,,,,,,,-20.27358163888889,-44.10418497222222,776.0,SAO JOSE DO PARAOPEBA,3,35460000
31,9006,25,0,2,ESTRADA,SAO,JOSE PARA MARINHOS,,SN,,,,,,,,,,,-20.258918305555557,-44.098375000000004,813.0,SAO JOSE DO PARAOPEBA,3,35460000
31,9006,25,0,2,ESTRADA,SAO,JOSE PARA MARINHOS,,SN,,,,,,,,,,,-20.256808333333332,-44.104505,807.0,SAO JOSE DO PARAOPEBA,3,35460000
31,9006,25,0,2,ESTRADA,SAO,JOSE PARA MARINHOS,,SN,,,,,,,,,,,-20.259284972222222,-44.100175,802.0,SAO JOSE DO PARAOPEBA,3,35460000
31,9006,25,0,2,ESTRADA,SAO,JOSE PARA MARINHOS,,SN,,,,,,,,,,,-20.26119497222222,-44.094805,811.0,SAO JOSE DO PARAOPEBA,3,35460000
31,9006,25,0,2,ESTRADA,SAO,JOSE PARA MASSANGANO,,SN,,,,,,,,,,,-20.284328333333335,-44.11146166666667,785.0,SAO JOSE DO PARAOPEBA,3,35460000
31,9006,25,0,2,ESTRADA,SAO,JOSE PARA MASSANGANO,,SN,,,,,,,,,,,-20.282988305555556,-44.10210166666667,793.0,COQUEIRO DE ESPINHO,3,35460000
31,9006,25,0,2,ESTRADA,SAO,JOSE PARA MASSANGANO,19.0,,,,,,,,,,,,-20.29248163888889,-44.089995,823.0,GROTA DO MASSANGANO,3,35460000
31,9006,25,0,2,ESTRADA,SAO,JOSE PARA MASSANGANO,,SN,,,,,,,,,,,-20.276635,-44.104393333333334,776.0,SAO JOSE DO PARAOPEBA,3,35460000
31,9006,25,0,2,ESTRADA,SAO,JOSE PARA MASSANGANO,,SN,,,,,,,,,,,-20.275108305555555,-44.10526663888889,753.0,SAO JOSE DO PARAOPEBA,3,35460000
31,9006,25,0,2,RUA,,2,,SN,,,,,,,,,,,-20.300931666666667,-44.08305997222222,781.0,MASSANGANO,3,35460000
31,9006,25,0,2,RUA,,DO OURO,,SN,,,,,,,,,,,-20.274736666666666,-44.11850833333333,789.0,SAO JOSE DO PARAOPEBA,3,35460000
31,9006,25,0,2,RUA,,DO OURO,,SN,,,,,,,,,,,-20.269845,-44.113325,813.0,SAO JOSE DO PARAOPEBA,3,35460000
31,9006,25,0,2,RUA,,DO OURO,,SN,,,,,,,,,,,-20.27220497222222,-44.11537830555556,843.0,SAO JOSE DO PARAOPEBA,3,35460000
31,9006,25,0,2,ESTRADA,,MARINHOS A MOEDA,,SN,,,,,,,,,,,-20.26928497222222,-44.089848333333336,858.0,MARINHOS,3,35460000
31,9006,25,0,2,ESTRADA,,MARINHOS A MOEDA,,SN,,,,,,,,,,,-20.313051666666667,-44.07753330555556,781.0,CASINHA,3,35460000
31,9006,5,0,1,ESTRADA,,DE TERRA,,SN,,,,,,,,,,,-20.133346666666665,-44.14510166666667,,TEJUCO,3,35460000
31,9006,5,0,1,ESTRADA,,DE TERRA TEJUCO,,SN,,,,,,,,,,,-20.127541666666666,-44.17357333333333,,TEJUCO,3,35460000
31,9006,5,0,1,RUA,,DE TERRA DO PASTORINHA,,SN,,,,,,,,,,,-20.131403305555555,-44.17473497222222,,TEJUCO,3,35460000
31,9006,5,0,1,RUA,,DE TERRA DO PASTORINHA,,SN,,,,,,,,,,,-20.128605,-44.17520663888889,,TEJUCO,3,35460000
31,9006,5,0,1,RUA,,DE TERRA DO PASTORINHA,,SN,,,,,,,,,,,-20.128449972222224,-44.174593305555554,,TEJUCO,3,35460000
31,9006,5,0,1,RUA,,DE TERRA DO PASTORINHA,,SN,,,,,,,,,,,-20.128099972222223,-44.174776638888886,,TEJUCO,3,35460000
31,9006,5,0,1,RUA,,DE TERRA DO PASTORINHA,,SN,,,,,,,,,,,-20.12864663888889,-44.175374999999995,,TEJUCO,3,35460000
31,9006,5,0,1,RUA,,DE TERRA DO PASTORINHA,,SN,,,,,,,,,,,-20.12856497222222,-44.174205,,TEJUCO,3,35460000
31,9006,5,0,1,RUA,,DE TERRA DO PASTORINHA,,SN,,,,,,,,,,,-20.127643305555555,-44.175158305555556,,TEJUCO,3,35460000
31,9006,5,0,1,RUA,,DE TERRA DO PASTORINHA,,SN,,,,,,,,,,,-20.12833997222222,-44.17592663888889,,TEJUCO,3,35460000
31,9006,5,0,1,RUA,,DE TERRA DO PASTORINHA,,SN,,,,,,,,,,,-20.127698333333335,-44.174821638888886,,TEJUCO,3,35460000
31,9006,5,0,1,RUA,,DE TERRA DO PASTORINHA,,SN,,,,,,,,,,,-20.128158305555555,-44.17612833333333,,TEJUCO,3,35460000
31,9006,5,0,1,RUA,,DE TERRA DO PASTORINHA,,SN,,,,,,,,,,,-20.127786666666665,-44.17579330555555,,TEJUCO,3,35460000
31,9006,5,0,1,RUA,,UM,100.0,,,,,,,,,,,,-20.13586663888889,-44.11420997222223,,CORREGO DO FEIJAO,3,35460000
31,9006,5,0,1,RUA,,UM,,SN,,,,,,,,,,,-20.133388333333333,-44.174033333333334,,TEJUCO,3,35460000
31,9006,5,0,1,RUA,,UM,,SN,,,,,,,,,,,-20.133516666666665,-44.16811,,CORREGO FUNDO,3,35460000
31,9006,5,0,1,RUA,,DE CALCAMENTO,,SN,,,,,,,,,,,-20.122281666666666,-44.17184666666667,850.0,TEJUCO,3,35460000
31,9006,5,0,1,RUA,,DE CALCAMENTO,510.0,,,,,,,,,,,,-20.15326333333333,-44.20303333333334,778.0,BRUMADINHO,3,35460000
31,9006,5,0,1,RUA,,MARIA CALDAS,1000.0,,,,,,,,,,,,-20.13474,-44.157626638888885,,TEJUCO,3,35460000
31,9006,5,0,1,RUA,,MARIA CALDAS,,SN,,,,,,,,,,,-20.139476638888887,-44.16358997222222,774.0,TEJUCO,3,35460000
31,9006,5,0,1,RUA,,MARIA CALDAS,,SN,,,,,,,,,,,-20.155438305555553,-44.15705830555555,731.0,TEJUCO,3,35460000
31,9006,5,0,1,ESTRADA,,SERRADAO,,SN,,,,,,,,,,,-20.134196666666668,-44.152058305555556,,TEJUCO,3,35460000
31,9006,5,0,1,RODOVIA,,MG 040,,SN,,,,,,,,,,,-20.149643305555553,-44.16088997222222,746.0,TEJUCO,3,35460000
31,9006,5,0,1,RODOVIA,,MG 040,5.0,KM,,,,,,,,,,,-20.15185497222222,-44.16759997222222,736.0,BRUMADINHO,3,35460000
31,9006,5,0,1,RUA,,RUMIAN,50.0,,,,,,,,,,,,-20.147608305555554,-44.188831666666665,722.0,BRUMADINHO,3,35460000
31,9006,5,0,1,RUA,,DE TERRA,,SN,,,,,,,,,,,-20.10330666666667,-44.06164333333333,,CASA BRANCA,3,35460000
31,9006,5,0,1,RUA,,SEIS,,SN,,,,,,,,,,,-20.122016666666667,-44.18055830555555,,TEJUCO,3,35460000
31,9006,5,0,1,RUA,,SEIS,,SN,,,,,,,,,,,-20.12225,-44.18049830555555,,TEJUCO,3,35460000
31,9006,20,0,2,RUA,,RIO PAROPEBA,138.0,,,,,,,,,,,,-20.160723333333333,-44.023716638888885,,PIEDADE DO PARAOPEBA,3,35460000
31,9006,5,0,2,AVENIDA,,ESTRADA MUNIPAL BRUMADINHO ARA,,SN,,,,,,,,,,,-20.143091666666667,-44.182455,,BRUMADINHO,3,35460000
31,9006,5,0,2,ESTRADA,,DO TEJUCO,42.0,,,,,,,,,,,,-20.12146163888889,-44.18512,,BRUMADINHO,3,35460000
31,9006,5,0,2,ESTRADA,,MUNICIPAL BRUMADINHO ARANHA,2.0,KM,,,,,,,,,,,-20.139221638888888,-44.17312997222222,780.0,ALBERTO FLORES,3,35460000
31,9006,5,0,2,ESTRADA,,MUNICIPAL BRUMADINHO ARANHA,,SN,,,,,,,,,,,-20.146049972222222,-44.17939497222222,745.0,ALBERTO FLORES,3,35460000
31,9006,5,0,2,ESTRADA,,MUNICIPAL BRUMADINHO ARANHA,,SN,,,,,,,,,,,-20.145516666666666,-44.17653333333333,,BRUMADINHO,3,35460000
31,9006,5,0,2,ESTRADA,,MUNICIPAL BRUMADINHO ARANHA,,SN,,,,,,,,,,,-20.152236666666667,-44.16623163888889,727.0,BRUMADINHO,3,35460000
31,9006,5,0,2,ESTRADA,,MUNICIPAL BRUMADINHO ARANHA,500.0,,,,,,,,,,,,-20.153911638888886,-44.165531666666666,734.0,ALBERTO FLORES,3,35460000
31,9006,5,0,2,ESTRADA,,MUNICIPAL BRUMADINHO ARANHA,,SN,,,,,,,,,,,-20.138921666666665,-44.18767,789.0,BRUMADINHO,3,35460000
